season,team_id_canon,Team,elo,efficiency_rating,ap_latest_rank,ap_preseason_rank,efficiency_source,ap_latest_inverted,ap_preseason_inverted,elo_norm,efficiency_rating_norm,ap_latest_inverted_norm,ap_preseason_inverted_norm,blended,blended_elo_scale
2026,duke,Duke,1909.68,32.98465989380002,1.0,6.0,torvik,-1.0,-6.0,2.800162472253178,2.533526563724712,6.1488380229227495,4.4915381743944245,3.1796034261479273,2044.3331333576102
2026,arizona,Arizona,1903.89,32.98845376248818,2.0,13.0,torvik,-2.0,-13.0,2.771683992854006,2.5341522005676347,5.89319509887043,2.829112693688631,3.0510767696544234,2015.8775767785073
2026,michigan,Michigan,1872.09,31.984309174529734,3.0,7.0,torvik,-3.0,-7.0,2.6152736914906742,2.3685613745568626,5.63755217481811,4.254048820007882,2.962433448709206,1996.252114611103
2026,houston,Houston,1777.42,28.96187516730833,5.0,2.0,torvik,-5.0,-2.0,2.149633338343929,1.870139782865177,5.126266326713471,5.441495591940592,2.5699657165389036,1909.3605073528943
2026,florida,Florida,1786.41,26.0,4.0,3.0,torvik,-4.0,-3.0,2.1938512191381534,1.3817047891631766,5.381909250765791,5.20400623755405,2.5413428087254655,1903.023450162078
2026,purdue,Purdue,1767.19,27.971523182030033,8.0,1.0,torvik,-8.0,-1.0,2.0993164395091215,1.706823458453111,4.359337554556512,5.678984946327134,2.4454280291963593,1881.7881009347323
2026,connecticut,Connecticut,1743.27,29.961279925352063,7.0,4.0,torvik,-7.0,-4.0,1.9816644140811062,2.034948976071132,4.614980478608832,4.966516883167508,2.4022313282867027,1872.2244337523728
2026,virginia,Virginia,1761.56,29.921138072654816,9.0,26.0,torvik,-9.0,-26.0,2.0716249301797007,2.028329289399062,4.103694630504193,-0.2582489133364143,2.1518438619192484,1816.7891263204283
2026,gonzaga,Gonzaga,1747.01,30.9364347931528,12.0,21.0,torvik,-12.0,-21.0,2.0000598394615734,2.1957591840670263,3.336765858347234,0.9291978585962953,2.1095422439976934,1807.423628804236
2026,st_johns,St. John's,1805.23,28.82364171104813,26.0,5.0,torvik,-26.0,-5.0,2.2864185735928038,1.8473440694998442,-0.2422350783852396,4.729027528780966,2.0898224805404633,1803.0577107908618
2026,arkansas,Arkansas,1758.59,26.89252060603813,14.0,14.0,torvik,-14.0,-14.0,2.057016798259918,1.528887999786232,2.825480010242595,2.591623339302089,2.081374126739241,1801.1872613747666
2026,illinois,Illinois,1673.8,24.96403476419251,13.0,17.0,torvik,-13.0,-17.0,1.6399718469203954,1.2108665043454672,3.0811229342949145,1.879155276142463,1.7316803257327116,1723.765720883625
2026,vanderbilt,Vanderbilt,1686.14,26.842393765610787,16.0,26.0,torvik,-16.0,-26.0,1.700666913550066,1.5206217152180406,2.314194162137956,-0.2582489133364143,1.6370670673147272,1702.81852594759
2026,kansas,Kansas,1686.32,23.85319910448372,17.0,19.0,torvik,-17.0,-19.0,1.701552254878537,1.0276815361056026,2.058551238085636,1.4041765673693791,1.6213027610078488,1699.3283386021474
2026,alabama,Alabama,1677.92,23.856161706067702,18.0,15.0,torvik,-18.0,-15.0,1.6602363262165258,1.0281700908907554,1.8029083140333169,2.354133984915547,1.6143884726342903,1697.7975283454598
2026,wisconsin,Wisconsin,1696.19,24.851153613091935,19.0,24.0,torvik,-19.0,-24.0,1.7500984710564016,1.1922515725159837,1.5472653899809972,0.21672979543666956,1.5694696943868116,1687.8525965254219
2026,nebraska,Nebraska,1650.11,26.91833179652577,15.0,26.0,torvik,-15.0,-26.0,1.5234510909676497,1.533144454886846,2.5698370861902755,-0.2582489133364143,1.5404586948625885,1681.4296165701348
2026,texas_tech,Texas Tech,1659.65,22.832457204601795,20.0,10.0,torvik,-20.0,-10.0,1.5703741813766499,0.8593536913189235,1.2916224659286777,3.5415807568482567,1.534406265096774,1680.0896201651797
2026,iowa_st,Iowa St.,1719.04,27.977250932423992,26.0,26.0,torvik,-26.0,-26.0,1.8624876341429455,1.7077680066091168,-0.2422350783852396,-0.2582489133364143,1.5227705913860845,1677.5135042010393
2026,michigan_st,Michigan St.,1705.11,25.90625740545761,26.0,26.0,torvik,-26.0,-26.0,1.7939720524451086,1.3662459460355874,-0.2422350783852396,-0.2582489133364143,1.4235813751115691,1655.553200924349
2026,ucla,UCLA,1663.38,23.704626636488424,26.0,12.0,torvik,-26.0,-12.0,1.5887204211277577,1.0031808436825924,-0.2422350783852396,3.066602048075173,1.3916880159070537,1648.4920720340351
2026,vcu,VCU,1682.47,27.364978432907083,26.0,26.0,torvik,-26.0,-26.0,1.6826157875751153,1.6067997694105105,-0.2422350783852396,-0.2582489133364143,1.3817150632088124,1646.284079330359
2026,saint_marys,Saint Mary's,1675.67,27.601665299945225,26.0,26.0,torvik,-26.0,-26.0,1.6491695596106297,1.6458311741392184,-0.2422350783852396,-0.2582489133364143,1.3641574143429789,1642.3968493632199
2026,louisville,Louisville,1629.11,23.742958515745578,23.0,11.0,torvik,-23.0,-11.0,1.42016126931262,1.0095020524256901,0.524693693771719,3.3040914024617147,1.363212135882945,1642.1875665153161
2026,north_carolina,North Carolina,1649.41,24.635021567092917,21.0,25.0,torvik,-21.0,-25.0,1.520008096912483,1.156609808915843,1.0359795418763582,-0.02075955894987236,1.3400571154162566,1637.0610891529068
2026,utah_st,Utah St.,1661.89,28.541603225175415,26.0,26.0,torvik,-26.0,-26.0,1.5813917623531866,1.800833849355708,-0.2422350783852396,-0.2582489133364143,1.3399633575452419,1637.04033133911
2026,byu,BYU,1619.36,23.56561949820983,26.0,8.0,torvik,-26.0,-8.0,1.3722052806870704,0.9802575444635575,-0.2422350783852396,4.016559465621341,1.284186793593026,1624.6915064756045
2026,akron,Akron,1624.24,29.167542795398205,26.0,26.0,torvik,-26.0,-26.0,1.3962078678145255,1.90405588700743,-0.2422350783852396,-0.2582489133364143,1.2258179370159374,1611.76875296983
2026,mia_oh,MIA OH,1608.32,31.29169924850944,26.0,26.0,torvik,-26.0,-26.0,1.3179043458741406,2.2543449050082494,-0.2422350783852396,-0.2582489133364143,1.223548824357791,1611.2663757557189
2026,kentucky,Kentucky,1612.68,21.485932882542507,26.0,9.0,torvik,-26.0,-9.0,1.3393492802748999,0.6373019296431239,-0.2422350783852396,3.7790701112347986,1.1978697833621144,1605.5810850628382
2026,tennessee,Tennessee,1612.45,22.0,23.0,18.0,torvik,-23.0,-18.0,1.3382180107996304,0.7220753772377901,0.524693693771719,1.641665921755921,1.1796165796103775,1601.5398605707524
2026,miami_fl,Miami (FL),1616.41,25.57153868769521,25.0,26.0,torvik,-25.0,-26.0,1.3576955200260075,1.3110483682960796,0.013407845667079938,-0.2582489133364143,1.1354724581625042,1591.7664362884657
2026,santa_clara,Santa Clara,1616.29,26.514067117457493,26.0,26.0,torvik,-26.0,-26.0,1.3571052924736926,1.466478236757843,-0.2422350783852396,-0.2582489133364143,1.1328094867399163,1591.1768594952048
2026,tcu,TCU,1638.72,22.314892338864965,26.0,26.0,torvik,-26.0,-26.0,1.4674286591271366,0.7740034393141167,-0.2422350783852396,-0.2582489133364143,1.1061646237807683,1585.2777376619467
2026,south_florida,South Florida,1610.68,25.257041484254422,26.0,26.0,torvik,-26.0,-26.0,1.3295121544029922,1.2591854669566234,-0.2422350783852396,-0.2582489133364143,1.082400374620243,1580.0163782288441
2026,high_point,High Point,1574.1,30.148846386908065,26.0,26.0,torvik,-26.0,-26.0,1.1495911222058015,2.0658800647544098,-0.2422350783852396,-0.2582489133364143,1.0774598417518777,1578.9225536760068
2026,ohio_state,Ohio State,1634.9,21.685107661135035,26.0,26.0,torvik,-26.0,-26.0,1.4486397487117935,0.6701473151614635,-0.2422350783852396,-0.2582489133364143,1.07743396786713,1578.916825247279
2026,clemson,Clemson,1614.89,24.45759764683848,26.0,26.0,torvik,-26.0,-26.0,1.350219304363358,1.1273512998711102,-0.2422350783852396,-0.2582489133364143,1.077120254529672,1578.8473697127836
2026,villanova,Villanova,1610.29,24.458396774824585,26.0,26.0,torvik,-26.0,-26.0,1.3275939148579696,1.1274830819519923,-0.2422350783852396,-0.2582489133364143,1.0613022491880326,1575.3452935034773
2026,mcneese,McNeese,1583.45,28.157606234389213,26.0,26.0,torvik,-26.0,-26.0,1.19557968565697,1.7375099220523529,-0.2422350783852396,-0.2582489133364143,1.0603963147623872,1575.1447213497372
2026,saint_louis,Saint Louis,1574.54,28.451656362801767,26.0,26.0,torvik,-26.0,-26.0,1.1517552898976213,1.7860009503726921,-0.2422350783852396,-0.2582489133364143,1.036992891978894,1569.9632481882222
2026,georgia,Georgia,1572.01,22.548343637198233,26.0,26.0,torvik,-26.0,-26.0,1.1393113256696583,0.8125012749723146,-0.2422350783852396,-0.2582489133364143,0.8822571657092633,1535.7050535552933
2026,dayton,Dayton,1564.55,23.545819925622943,26.0,26.0,torvik,-26.0,-26.0,1.1026188461674429,0.9769924493580919,-0.2422350783852396,-0.2582489133364143,0.881246106215579,1535.4812069120187
2026,tulsa,Tulsa,1529.81,27.0,26.0,26.0,torvik,-26.0,-26.0,0.9317479697724078,1.5466121421445234,-0.2422350783852396,-0.2582489133364143,0.8470794466570192,1527.9167736597099
2026,belmont,Belmont,1536.17,26.0,26.0,26.0,torvik,-26.0,-26.0,0.9630300300450746,1.3817047891631766,-0.2422350783852396,-0.2582489133364143,0.8442407859006839,1527.28829958309
2026,oklahoma,Oklahoma,1570.09,19.687246608985703,26.0,26.0,torvik,-26.0,-26.0,1.1298676848326268,0.34068533742698903,-0.2422350783852396,-0.2582489133364143,0.8048742264915424,1518.5726184228315
2026,texas_a_and_m,Texas A&M,1555.68,21.398334700054775,26.0,26.0,torvik,-26.0,-26.0,1.0589911929255331,0.6228563452430952,-0.2422350783852396,-0.2582489133364143,0.7975863333289928,1516.9590927785239
2026,iowa,Iowa,1549.57,21.54240235316152,26.0,26.0,torvik,-26.0,-26.0,1.028938773386855,0.6466141605671635,-0.2422350783852396,-0.2582489133364143,0.7801133119505282,1513.0905991756588
2026,ucf,UCF,1545.42,21.295373363511576,26.0,26.0,torvik,-26.0,-26.0,1.0085267372026472,0.6058772637743346,-0.2422350783852396,-0.2582489133364143,0.7597143521026585,1508.574308376985
2026,liberty,Liberty,1504.67,26.0,26.0,26.0,torvik,-26.0,-26.0,0.80809529756253,1.3817047891631766,-0.2422350783852396,-0.2582489133364143,0.7357864731629028,1503.27672162289
2026,new_mexico,New Mexico,1516.94,23.802585161499945,26.0,26.0,torvik,-26.0,-26.0,0.868446064786683,1.0193349247441992,-0.2422350783852396,-0.2582489133364143,0.7236765305569631,1500.5956034300236
2026,missouri,Missouri,1539.24,20.42846131230479,26.0,26.0,torvik,-26.0,-26.0,0.9781300182584525,0.46291709214219395,-0.2422350783852396,-0.2582489133364143,0.7169926230969011,1499.1157990681254
2026,cal_baptist,Cal Baptist,1499.14,25.14680089551628,26.0,26.0,torvik,-26.0,-26.0,0.7808956445267056,1.2410059832767109,-0.2422350783852396,-0.2582489133364143,0.6956418951548557,1494.388788628928
2026,utah_valley,Utah Valley,1491.98,25.614958312647257,26.0,26.0,torvik,-26.0,-26.0,0.745678733905276,1.3182085837143647,-0.2422350783852396,-0.2582489133364143,0.6825704477855031,1491.4947951155423
2026,saint_josephs,Saint Joseph's,1515.04,22.316248983868824,26.0,26.0,torvik,-26.0,-26.0,0.8591007952083702,0.7742271600506386,-0.2422350783852396,-0.2582489133364143,0.6803686771481102,1491.0073272963687
2026,cincinnati,Cincinnati,1541.76,18.0,26.0,26.0,torvik,-26.0,-26.0,0.990524796857056,0.062445965312403616,-0.2422350783852396,-0.2582489133364143,0.6655982990914551,1487.7371937695768
2026,n_dakota_st,N Dakota St.,1472.87,27.09374259454239,26.0,26.0,torvik,-26.0,-26.0,0.6516849961991982,1.5620709852721126,-0.2422350783852396,-0.2582489133364143,0.6533541916249109,1485.0263717324963
2026,texas,Texas,1525.61,19.43438050179017,26.0,26.0,torvik,-26.0,-26.0,0.9110900054414016,0.2989858570306762,-0.2422350783852396,-0.2582489133364143,0.6454749288582379,1483.2819179858914
2026,hofstra,Hofstra,1491.42,24.143838293932298,26.0,26.0,torvik,-26.0,-26.0,0.742924338661142,1.0756100755102116,-0.2422350783852396,-0.2582489133364143,0.6442525948839865,1483.011295575632
2026,northern_iowa,Northern Iowa,1491.72,23.17635828895187,26.0,26.0,torvik,-26.0,-26.0,0.744399907541928,0.9160655088265093,-0.2422350783852396,-0.2582489133364143,0.6213538080979812,1477.9415478613519
2026,auburn,Auburn,1506.75,18.0,26.0,20.0,torvik,-26.0,-20.0,0.8183259084693134,0.062445965312403616,-0.2422350783852396,1.1666872129828372,0.6163058835359978,1476.8239469924006
2026,yale,Yale,1478.39,24.0,26.0,26.0,torvik,-26.0,-26.0,0.6788354636056642,1.0518900832004834,-0.2422350783852396,-0.2582489133364143,0.5958323834986926,1472.2911531379737
2026,stanford,Stanford,1502.2,20.51605420099602,26.0,26.0,torvik,-26.0,-26.0,0.7959464471107239,0.4773618035562544,-0.2422350783852396,-0.2582489133364143,0.5916308300056002,1471.3609372091958
2026,nevada,Nevada,1483.64,22.8091050712657,26.0,26.0,torvik,-26.0,-26.0,0.7046579190194217,0.8555027528240008,-0.2422350783852396,-0.2582489133364143,0.5844500027318505,1469.7711157484368
2026,nc_state,NC State,1502.35,20.0,26.0,26.0,torvik,-26.0,-26.0,0.7966842315511163,0.3922606712750969,-0.2422350783852396,-0.2582489133364143,0.5793821092717012,1468.6490938035229
2026,stephen_f_austin,Stephen F. Austin,1443.76,28.0,26.0,26.0,torvik,-26.0,-26.0,0.5085056291335835,1.7115194951258699,-0.2422350783852396,-0.2582489133364143,0.5755459111570442,1467.7997668586038
2026,seton_hall,Seton Hall,1491.59,21.0,26.0,26.0,torvik,-26.0,-26.0,0.7437604943602535,0.5571680242564435,-0.2422350783852396,-0.2582489133364143,0.5670715961852992,1465.9235696888766
2026,bradley,Bradley,1471.97,21.454180074377057,26.0,26.0,torvik,-26.0,-26.0,0.6472582895568404,0.6320656580988351,-0.2422350783852396,-0.2582489133364143,0.5107546978992688,1453.4551158345687
2026,indiana,Indiana,1495.99,18.0,26.0,26.0,torvik,-26.0,-26.0,0.7654021712784506,0.062445965312403616,-0.2422350783852396,-0.2582489133364143,0.5080124611864313,1452.8479898572475
2026,smu,SMU,1474.94,20.70830075149056,26.0,26.0,torvik,-26.0,-26.0,0.6618664214766233,0.509064673318104,-0.2422350783852396,-0.2582489133364143,0.5025302425260072,1451.6342371033309
2026,california,California,1465.29,21.771577169590135,26.0,26.0,torvik,-26.0,-26.0,0.6144022891446688,0.6844067729143922,-0.2422350783852396,-0.2582489133364143,0.49560666483308224,1450.101370209055
2026,grand_canyon,Grand Canyon,1476.6,20.0,26.0,26.0,torvik,-26.0,-26.0,0.6700312359503059,0.3922606712750969,-0.2422350783852396,-0.2582489133364143,0.49072501235113397,1449.0205816614543
2026,hawaii,Hawaii,1447.03,24.10747939396187,26.0,26.0,torvik,-26.0,-26.0,0.5245893299341524,1.0696142255587748,-0.2422350783852396,-0.2582489133364143,0.49051871128237823,1448.9749069983575
2026,unlv,UNLV,1485.73,18.0,26.0,26.0,torvik,-26.0,-26.0,0.7149377155555646,0.062445965312403616,-0.2422350783852396,-0.2582489133364143,0.47268734218041114,1445.027075893068
2026,virginia_tech,Virginia Tech,1475.2,19.0,26.0,26.0,torvik,-26.0,-26.0,0.6631452478399713,0.22735331829375025,-0.2422350783852396,-0.2582489133364143,0.46116871772669776,1442.476874411147
2026,merrimack,Merrimack,1446.05,23.0,26.0,26.0,torvik,-26.0,-26.0,0.5197691382569176,0.8869827302191368,-0.2422350783852396,-0.2582489133364143,0.4597498528073682,1442.1627404245362
2026,wake_forest,Wake Forest,1482.19,17.852388670984226,26.0,26.0,torvik,-26.0,-26.0,0.6975260027622884,0.03810377177435366,-0.2422350783852396,-0.2582489133364143,0.45684781419441023,1441.5202346113554
2026,wright_st,Wright St.,1443.29,23.078861927345184,26.0,26.0,torvik,-26.0,-26.0,0.5061939045536852,0.8999876419086383,-0.2422350783852396,-0.2582489133364143,0.4521979259685307,1440.4907582279507
2026,uc_irvine,UC Irvine,1442.84,23.0,26.0,26.0,torvik,-26.0,-26.0,0.5039805512325057,0.8869827302191368,-0.2422350783852396,-0.2582489133364143,0.4486978418902799,1439.7158462895443
2026,west_virginia,West Virginia,1474.97,18.48394579900398,26.0,26.0,torvik,-26.0,-26.0,0.6620139783647019,0.14225218601259274,-0.2422350783852396,-0.2582489133364143,0.44761165925183555,1439.4753675253196
2026,charleston,Charleston,1456.4,21.0,26.0,26.0,torvik,-26.0,-26.0,0.5706762646440401,0.5571680242564435,-0.2422350783852396,-0.2582489133364143,0.44591263538394993,1439.09920688191
2026,navy,Navy,1409.85,26.147611329015778,26.0,26.0,torvik,-26.0,-26.0,0.3417171599753898,1.4060469827012272,-0.2422350783852396,-0.2582489133364143,0.41297310588261227,1431.8064578834817
2026,troy,Troy,1434.85,22.08166820347423,26.0,26.0,torvik,-26.0,-26.0,0.4646812333742348,0.7355430644954675,-0.2422350783852396,-0.2582489133364143,0.3984723695309398,1428.596022515823
2026,robert_morris,Robert Morris,1433.89,22.0,26.0,26.0,torvik,-26.0,-26.0,0.45995941295572007,0.7220753772377901,-0.2422350783852396,-0.2582489133364143,0.3931469421493279,1427.4169830519509
2026,george_mason,George Mason,1426.65,23.0,26.0,26.0,torvik,-26.0,-26.0,0.42434901729941454,0.8869827302191368,-0.2422350783852396,-0.2582489133364143,0.392955768137116,1427.3746574903175
2026,baylor,Baylor,1470.58,16.556049226990993,26.0,26.0,torvik,-26.0,-26.0,0.6404214870758641,-0.17567213449988103,-0.2422350783852396,-0.2582489133364143,0.38480826727277806,1425.5708163405623
2026,colorado,Colorado,1454.44,17.312753391014294,26.0,26.0,torvik,-26.0,-26.0,0.5610358812895705,-0.05088605382083577,-0.2422350783852396,-0.2582489133364143,0.3479562553242293,1417.4118511915021
2026,uab,UAB,1432.01,20.0,26.0,26.0,torvik,-26.0,-26.0,0.4507125146361264,0.3922606712750969,-0.2422350783852396,-0.2582489133364143,0.3372019074312083,1415.0308590822374
2026,siena,Siena,1409.88,23.01534010619998,26.0,26.0,torvik,-26.0,-26.0,0.3418647168634694,0.889512426527028,-0.2422350783852396,-0.2582489133364143,0.33559621227813813,1414.6753612382606
2026,winthrop,Winthrop,1408.42,23.0,26.0,26.0,torvik,-26.0,-26.0,0.3346836149769767,0.8869827302191368,-0.2422350783852396,-0.2582489133364143,0.3301899865114095,1413.4784331660492
2026,penn,Penn,1444.03,18.03596523580749,26.0,26.0,torvik,-26.0,-26.0,0.509833641126291,0.06837689714876645,-0.2422350783852396,-0.2582489133364143,0.33000412985537403,1413.4372848569303
2026,uc_san_diego,UC San Diego,1407.53,23.0,26.0,26.0,torvik,-26.0,-26.0,0.3303060939639773,0.8869827302191368,-0.2422350783852396,-0.2582489133364143,0.32712572180231,1412.800010804634
2026,northwestern,Northwestern,1464.22,15.0,26.0,26.0,torvik,-26.0,-26.0,0.6091394268031984,-0.43227609363163627,-0.2422350783852396,-0.2582489133364143,0.32442023121214875,1412.201020348779
2026,tennessee_st,Tennessee St.,1403.17,23.022749067576008,26.0,26.0,torvik,-26.0,-26.0,0.30886115956321925,0.8907342187358901,-0.2422350783852396,-0.2582489133364143,0.3126769909992923,1409.6010893662453
2026,washington,Washington,1453.36,16.0,26.0,26.0,torvik,-26.0,-26.0,0.5557238333187395,-0.26736874065028965,-0.2422350783852396,-0.2582489133364143,0.31176541872022956,1409.399269002513
2026,kennesaw_st,Kennesaw St.,1409.69,21.0635652068472,26.0,26.0,torvik,-26.0,-26.0,0.3409301899056379,0.5676503942593273,-0.2422350783852396,-0.2582489133364143,0.28666273856750096,1403.841583500835
2026,usc,USC,1425.07,18.0,26.0,26.0,torvik,-26.0,-26.0,0.4165776878606068,0.062445965312403616,-0.2422350783852396,-0.2582489133364143,0.2638353227939406,1398.787637192568
2026,minnesota,Minnesota,1435.46,15.443950773009009,26.0,26.0,torvik,-26.0,-26.0,0.46768155676516726,-0.35906534680069796,-0.2422350783852396,-0.2582489133364143,0.23638133421016772,1392.70937648945
2026,north_texas,North Texas,1407.34,19.0,26.0,26.0,torvik,-26.0,-26.0,0.3293715670061458,0.22735331829375025,-0.2422350783852396,-0.2582489133364143,0.22752714114301992,1390.7490750340298
2026,furman,Furman,1383.24,22.038720074647937,26.0,26.0,torvik,-26.0,-26.0,0.21083420024965968,0.7284606022552217,-0.2422350783852396,-0.2582489133364143,0.21971707700770032,1389.0199417324081
2026,georgetown,Georgetown,1422.6,16.0,26.0,26.0,torvik,-26.0,-26.0,0.40442883740880076,-0.26736874065028965,-0.2422350783852396,-0.2582489133364143,0.2058589215832724,1385.9517725562982
2026,creighton,Creighton,1413.7,15.614659564100332,26.0,23.0,torvik,-26.0,-23.0,0.3606536272788126,-0.33091421193118215,-0.2422350783852396,0.4542191498232115,0.20130785695812814,1384.9441755295875
2026,queens_nc,Queens (N.C.),1382.14,21.028476817969967,26.0,26.0,torvik,-26.0,-26.0,0.20542378102011094,0.5618640609292024,-0.2422350783852396,-0.2582489133364143,0.19094030234811338,1382.6488187153602
2026,umbc,UMBC,1359.51,24.0,26.0,26.0,torvik,-26.0,-26.0,0.09411670177947591,1.0518900832004834,-0.2422350783852396,-0.2582489133364143,0.186529250220361,1381.6722201884936
2026,rutgers,Rutgers,1428.56,14.385340435899668,26.0,26.0,torvik,-26.0,-26.0,0.43374347250708556,-0.5336379753320905,-0.2422350783852396,-0.2582489133364143,0.18643878094980165,1381.6521904645647
2026,central_arkansas,Central Arkansas,1373.34,22.0,26.0,26.0,torvik,-26.0,-26.0,0.1621404271837166,0.7220753772377901,-0.2422350783852396,-0.2582489133364143,0.1846736521089255,1381.2613943062324
2026,towson,Towson,1392.96,19.0,26.0,26.0,torvik,-26.0,-26.0,0.2586426319871307,0.22735331829375025,-0.2422350783852396,-0.2582489133364143,0.17801688662970938,1379.7875991271194
2026,davidson,Davidson,1384.21,20.0,26.0,26.0,torvik,-26.0,-26.0,0.215605206297535,0.3922606712750969,-0.2422350783852396,-0.2582489133364143,0.17262679159419436,1378.5942423680287
2026,monmouth,Monmouth,1389.62,19.0,26.0,26.0,torvik,-26.0,-26.0,0.24221463178104433,0.22735331829375025,-0.2422350783852396,-0.2582489133364143,0.1665172864854489,1377.2416095910219
2026,howard,Howard,1351.42,24.015690825470266,26.0,26.0,torvik,-26.0,-26.0,0.05432552762761008,1.0544776156948772,-0.2422350783852396,-0.2582489133364143,0.15906355818821394,1375.5913683642304
2026,louisiana_tech,Louisiana Tech,1375.68,20.0,26.0,26.0,torvik,-26.0,-26.0,0.17364986445384922,0.3922606712750969,-0.2422350783852396,-0.2582489133364143,0.14325805230361432,1372.0920595108698
2026,valparaiso,Valparaiso,1388.93,18.0,26.0,26.0,torvik,-26.0,-26.0,0.23882082335523708,0.062445965312403616,-0.2422350783852396,-0.2582489133364143,0.13940551764018183,1371.2391156852145
2026,long_island,Long Island,1341.81,24.011546237511823,26.0,26.0,torvik,-26.0,-26.0,0.0070581378130934345,1.053794142665452,-0.2422350783852396,-0.2582489133364143,0.1258738643636385,1368.2432334618334
2026,providence,Providence,1402.82,15.0,26.0,26.0,torvik,-26.0,-26.0,0.30713966253563474,-0.43227609363163627,-0.2422350783852396,-0.2582489133364143,0.1130203962248542,1365.3975001342933
2026,toledo,Toledo,1374.07,19.0,26.0,26.0,torvik,-26.0,-26.0,0.16573097812696297,0.22735331829375025,-0.2422350783852396,-0.2582489133364143,0.1129787289275919,1365.3882750741611
2026,duquesne,Duquesne,1379.83,18.0,26.0,26.0,torvik,-26.0,-26.0,0.1940619006380568,0.062445965312403616,-0.2422350783852396,-0.2582489133364143,0.10807427173815562,1364.302437607823
2026,xavier,Xavier,1401.09,15.0,26.0,26.0,torvik,-26.0,-26.0,0.29863054865643457,-0.43227609363163627,-0.2422350783852396,-0.2582489133364143,0.10706401650941405,1364.0787690272728
2026,george_washington,George Washington,1375.37,18.385041687352743,26.0,26.0,torvik,-26.0,-26.0,0.1721251099437027,0.1259421707612157,-0.2422350783852396,-0.2582489133364143,0.10224294906942955,1363.0113938923948
2026,butler,Butler,1388.31,16.0,26.0,26.0,torvik,-26.0,-26.0,0.23577131433494514,-0.26736874065028965,-0.2422350783852396,-0.2582489133364143,0.08779865543157345,1359.813454833909
2026,georgia_southern,Georgia Southern,1352.29,21.0,26.0,26.0,torvik,-26.0,-26.0,0.05860467738188935,0.5571680242564435,-0.2422350783852396,-0.2582489133364143,0.08746252430044439,1359.7390360426575
2026,marquette,Marquette,1410.6,12.0,26.0,26.0,torvik,-26.0,-26.0,0.34540608217735513,-0.9269981525756762,-0.2422350783852396,-0.2582489133364143,0.06559858113245248,1354.8984007314095
2026,san_francisco,San Francisco,1373.35,17.0,26.0,26.0,torvik,-26.0,-26.0,0.16218961281307612,-0.10246138766894301,-0.2422350783852396,-0.2582489133364143,0.06102756731346713,1353.886386991236
2026,wyoming,Wyoming,1365.84,18.0,26.0,26.0,torvik,-26.0,-26.0,0.1252512051640631,0.062445965312403616,-0.2422350783852396,-0.2582489133364143,0.05990678490636002,1353.6382479042293
2026,austin_peay,Austin Peay,1335.14,22.0,26.0,26.0,torvik,-26.0,-26.0,-0.02574867696971765,0.7220753772377901,-0.2422350783852396,-0.2582489133364143,0.05315127920152149,1352.1425918275136
2026,oregon,Oregon,1406.09,12.0,26.0,26.0,torvik,-26.0,-26.0,0.32322336333620355,-0.9269981525756762,-0.2422350783852396,-0.2582489133364143,0.05007067794364636,1351.4605525853617
2026,pittsburgh,Pittsburgh,1398.81,13.0,26.0,26.0,torvik,-26.0,-26.0,0.28741622516246,-0.7620907995943296,-0.2422350783852396,-0.2582489133364143,0.04974178416922789,1351.3877361310806
2026,harvard,Harvard,1369.27,17.0,26.0,26.0,torvik,-26.0,-26.0,0.14212187603438495,-0.10246138766894301,-0.2422350783852396,-0.2582489133364143,0.046980151568383324,1350.776315941153
2026,depaul,DePaul,1373.53,16.0,26.0,26.0,torvik,-26.0,-26.0,0.1630749541415481,-0.26736874065028965,-0.2422350783852396,-0.2582489133364143,0.036911203296195544,1348.5470700005196
2026,vermont,Vermont,1330.02,22.0,26.0,26.0,torvik,-26.0,-26.0,-0.05093171920180169,0.7220753772377901,-0.2422350783852396,-0.2582489133364143,0.03552314963906267,1348.2397575685857
2026,fairfield,Fairfield,1335.46,21.0,26.0,26.0,torvik,-26.0,-26.0,-0.024174736830212748,0.5571680242564435,-0.2422350783852396,-0.2582489133364143,0.029516934351972918,1346.9099929610647
2026,southern_miss,Southern Miss,1347.58,19.0,26.0,26.0,torvik,-26.0,-26.0,0.03543824595354677,0.22735331829375025,-0.2422350783852396,-0.2582489133364143,0.02177381640620059,1345.195681418107
2026,coastal_carolina,Coastal Carolina,1345.04,19.0,26.0,26.0,torvik,-26.0,-26.0,0.022945096096224298,0.22735331829375025,-0.2422350783852396,-0.2582489133364143,0.01302861150607486,1343.259509734967
2026,south_alabama,South Alabama,1326.95,21.0,26.0,26.0,torvik,-26.0,-26.0,-0.06603170741517954,0.5571680242564435,-0.2422350783852396,-0.2582489133364143,0.00021705494249617437,1340.4230555502297
2026,james_madison,James Madison,1346.71,18.0,26.0,26.0,torvik,-26.0,-26.0,0.031159096199267503,0.062445965312403616,-0.2422350783852396,-0.2582489133364143,-0.005957691368996888,1339.055978495384
2026,idaho,Idaho,1324.6,21.03812483269167,26.0,26.0,torvik,-26.0,-26.0,-0.07759033031467163,0.5634550894984832,-0.2422350783852396,-0.2582489133364143,-0.006930921300842342,1338.8405072449395
2026,southern_illinois,Southern Illinois,1360.41,16.0,26.0,26.0,torvik,-26.0,-26.0,0.09854340842183479,-0.26736874065028965,-0.2422350783852396,-0.2582489133364143,-0.008260878707603772,1338.5460572120173
2026,syracuse,Syracuse,1364.54,15.0,26.0,26.0,torvik,-26.0,-26.0,0.1188570733473234,-0.43227609363163627,-0.2422350783852396,-0.2582489133364143,-0.018777416206963757,1336.2177158702784
2026,samford,Samford,1341.74,18.0,26.0,26.0,torvik,-26.0,-26.0,0.0067138384075769815,0.062445965312403616,-0.2422350783852396,-0.2582489133364143,-0.02306937182318025,1335.2674850838857
2026,tulane,Tulane,1340.98,18.0,26.0,26.0,torvik,-26.0,-26.0,0.0029757305762521382,0.062445965312403616,-0.2422350783852396,-0.2582489133364143,-0.025686047305107644,1334.6881581235762
2026,maryland,Maryland,1381.92,12.0,26.0,26.0,torvik,-26.0,-26.0,0.20434169717420098,-0.9269981525756762,-0.2422350783852396,-0.2582489133364143,-0.03314648836975542,1333.0364307028844
2026,william_and_mary,William & Mary,1324.18,20.0,26.0,26.0,torvik,-26.0,-26.0,-0.07965612674777148,0.3922606712750969,-0.2422350783852396,-0.2582489133364143,-0.03405614153752018,1332.8350352267328
2026,cornell,Cornell,1357.09,15.0,26.0,26.0,torvik,-26.0,-26.0,0.08221377947446737,-0.43227609363163627,-0.2422350783852396,-0.2582489133364143,-0.04442772191796297,1330.538787114612
2026,charlotte,Charlotte,1339.26,17.0,26.0,26.0,torvik,-26.0,-26.0,-0.005484197673588532,-0.10246138766894301,-0.2422350783852396,-0.2582489133364143,-0.056344100027198106,1327.900523732086
2026,northern_colorado,Northern Colorado,1317.65,20.0,26.0,26.0,torvik,-26.0,-26.0,-0.11177434271954965,0.3922606712750969,-0.2422350783852396,-0.2582489133364143,-0.0565388927177649,1327.8573970019675
2026,lsu,LSU,1353.25,15.0,26.0,26.0,torvik,-26.0,-26.0,0.06332649780040517,-0.43227609363163627,-0.2422350783852396,-0.2582489133364143,-0.05764881908980651,1327.611661420416
2026,middle_tennessee,Middle Tennessee,1337.62,17.0,26.0,26.0,torvik,-26.0,-26.0,-0.013550640888553256,-0.10246138766894301,-0.2422350783852396,-0.2582489133364143,-0.061990610277673414,1326.650397133523
2026,northern_kentucky,Northern Kentucky,1308.48,20.0,26.0,26.0,torvik,-26.0,-26.0,-0.15687756484224635,0.3922606712750969,-0.2422350783852396,-0.2582489133364143,-0.08811114820365258,1320.8673598624423
2026,utah_tech,Utah Tech,1315.06,19.0,26.0,26.0,torvik,-26.0,-26.0,-0.1245134207236707,0.22735331829375025,-0.2422350783852396,-0.2582489133364143,-0.09019235026785165,1320.4065856953857
2026,marshall,Marshall,1313.26,19.0,26.0,26.0,torvik,-26.0,-26.0,-0.13336683400838734,0.22735331829375025,-0.2422350783852396,-0.2582489133364143,-0.09638973956715328,1319.0344955262315
2026,western_kentucky,Western Kentucky,1319.47,18.0,26.0,26.0,torvik,-26.0,-26.0,-0.10282255817611405,0.062445965312403616,-0.2422350783852396,-0.2582489133364143,-0.09974484943176397,1318.2916806021822
2026,south_carolina,South Carolina,1352.83,13.0,26.0,26.0,torvik,-26.0,-26.0,0.06126070136730422,-0.7620907995943296,-0.2422350783852396,-0.2582489133364143,-0.10856708248738116,1316.33845503235
2026,marist,Marist,1307.56,19.0,26.0,26.0,torvik,-26.0,-26.0,-0.16140264274332422,0.22735331829375025,-0.2422350783852396,-0.2582489133364143,-0.1160148056816091,1314.6895433239094
2026,fordham,Fordham,1320.13,17.0,26.0,26.0,torvik,-26.0,-26.0,-0.09957630663838414,-0.10246138766894301,-0.2422350783852396,-0.2582489133364143,-0.12220857630255504,1313.3182543232406
2026,uc_davis,UC Davis,1304.83,19.0,26.0,26.0,torvik,-26.0,-26.0,-0.17483031955847816,0.22735331829375025,-0.2422350783852396,-0.2582489133364143,-0.12541417945221686,1312.6085399006922
2026,pacific,Pacific,1310.62,18.0,26.0,26.0,torvik,-26.0,-26.0,-0.14635184015930586,0.062445965312403616,-0.2422350783852396,-0.2582489133364143,-0.13021534681999825,1311.5455706038401
2026,green_bay,Green Bay,1299.47,18.0,26.0,26.0,torvik,-26.0,-26.0,-0.20119381689519006,0.062445965312403616,-0.2422350783852396,-0.2582489133364143,-0.16860473053511715,1303.0462342782455
2026,drexel,Drexel,1306.32,17.0,26.0,26.0,torvik,-26.0,-26.0,-0.16750166078390696,-0.10246138766894301,-0.2422350783852396,-0.2582489133364143,-0.169756324204421,1302.791273636562
2026,mercer,Mercer,1285.19,19.0,26.0,26.0,torvik,-26.0,-26.0,-0.2714308956206102,0.22735331829375025,-0.2422350783852396,-0.2582489133364143,-0.19303458269570928,1297.6375116105864
2026,campbell,Campbell,1306.45,16.0,26.0,26.0,torvik,-26.0,-26.0,-0.16686224760223245,-0.26736874065028965,-0.2422350783852396,-0.2582489133364143,-0.19404483792445082,1297.413843030036
2026,notre_dame,Notre Dame,1327.95,13.0,26.0,26.0,torvik,-26.0,-26.0,-0.06111314447922574,-0.7620907995943296,-0.2422350783852396,-0.2582489133364143,-0.19422877457995213,1297.3731198053729
2026,lehigh,Lehigh,1288.17,18.49246143950241,26.0,26.0,torvik,-26.0,-26.0,-0.2567735780714678,0.14365647774612963,-0.2422350783852396,-0.2582489133364143,-0.19532898649345265,1297.129534986412
2026,montana,Montana,1283.95,19.0,26.0,26.0,torvik,-26.0,-26.0,-0.27752991366119295,0.22735331829375025,-0.2422350783852396,-0.2582489133364143,-0.19730389532411718,1296.6922939385024
2026,saint_peters,Saint Peter's,1297.78,17.0,26.0,26.0,torvik,-26.0,-26.0,-0.20950618825695225,-0.10246138766894301,-0.2422350783852396,-0.2582489133364143,-0.19915949343555267,1296.281468056241
2026,lipscomb,Lipscomb,1279.08,19.0,26.0,26.0,torvik,-26.0,-26.0,-0.3014833151592885,0.22735331829375025,-0.2422350783852396,-0.2582489133364143,-0.21407127637278406,1292.9800277586237
2026,memphis,Memphis,1322.14,13.0,26.0,26.0,torvik,-26.0,-26.0,-0.08968999513711705,-0.7620907995943296,-0.2422350783852396,-0.2582489133364143,-0.21423257004047602,1292.9443176482694
2026,quinnipiac,Quinnipiac,1271.58,19.0,26.0,26.0,torvik,-26.0,-26.0,-0.338372537178942,0.22735331829375025,-0.2422350783852396,-0.2582489133364143,-0.2398937317865415,1287.2629853871474
2026,uc_santa_barbara,UC Santa Barbara,1278.1,18.0,26.0,26.0,torvik,-26.0,-26.0,-0.30630350683652335,0.062445965312403616,-0.2422350783852396,-0.2582489133364143,-0.24218151349405048,1286.756474881119
2026,rhode_island,Rhode Island,1291.92,16.0,26.0,26.0,torvik,-26.0,-26.0,-0.23832896706164103,-0.26736874065028965,-0.2422350783852396,-0.2582489133364143,-0.24407154154603683,1286.338026275696
2026,north_dakota,North Dakota,1276.28,18.0,26.0,26.0,torvik,-26.0,-26.0,-0.31525529137995895,0.062445965312403616,-0.2422350783852396,-0.2582489133364143,-0.2484477626744554,1285.3691392656408
2026,wofford,Wofford,1266.1,19.0,26.0,26.0,torvik,-26.0,-26.0,-0.3653262620679689,0.22735331829375025,-0.2422350783852396,-0.2582489133364143,-0.2587613392088604,1283.0857330943886
2026,tennessee_martin,Tennessee-Martin,1242.05,22.0,26.0,26.0,torvik,-26.0,-26.0,-0.4836177006776576,0.7220753772377901,-0.2422350783852396,-0.2582489133364143,-0.26735703739403643,1281.18266191275
2026,drake,Drake,1299.35,14.0,26.0,26.0,torvik,-26.0,-26.0,-0.20178404444750508,-0.597183446612983,-0.2422350783852396,-0.2582489133364143,-0.26796230161054563,1281.048657569775
2026,western_carolina,Western Carolina,1291.4,15.0,26.0,26.0,torvik,-26.0,-26.0,-0.2408866197883369,-0.43227609363163627,-0.2422350783852396,-0.2582489133364143,-0.2705980014019259,1280.465118663642
2026,oakland,Oakland,1272.64,16.0,26.0,26.0,torvik,-26.0,-26.0,-0.33315886046683013,-0.26736874065028965,-0.2422350783852396,-0.2582489133364143,-0.31045246692966916,1271.641416019421
2026,bowling_green,Bowling Green,1258.15,18.0,26.0,26.0,torvik,-26.0,-26.0,-0.40442883740880076,0.062445965312403616,-0.2422350783852396,-0.2582489133364143,-0.3108692448946446,1271.5491421729923
2026,purdue_fort_wayne,Purdue Fort Wayne,1263.27,17.0,26.0,26.0,torvik,-26.0,-26.0,-0.3792457951767178,-0.10246138766894301,-0.2422350783852396,-0.2582489133364143,-0.3179772182793885,1269.9754504242883
2026,iona,Iona,1255.99,18.0,26.0,26.0,torvik,-26.0,-26.0,-0.41505293335046134,0.062445965312403616,-0.2422350783852396,-0.2582489133364143,-0.31830611205380704,1269.9026339700072
2026,temple,Temple,1269.68,16.0,26.0,26.0,torvik,-26.0,-26.0,-0.34771780675725356,-0.26736874065028965,-0.2422350783852396,-0.2582489133364143,-0.3206437293329656,1269.3850899634783
2026,boston_college,Boston College,1303.72,11.0,26.0,26.0,torvik,-26.0,-26.0,-0.1802899244173864,-1.0919055055570228,-0.2422350783852396,-0.2582489133364143,-0.32712472643106855,1267.95020956866
2026,cal_poly,Cal Poly,1277.57,14.0,26.0,26.0,torvik,-26.0,-26.0,-0.3089103451925787,-0.597183446612983,-0.2422350783852396,-0.2582489133364143,-0.3429507121320972,1264.446366523008
2026,boston_university,Boston University,1252.09,17.0,26.0,26.0,torvik,-26.0,-26.0,-0.4342353288006816,-0.10246138766894301,-0.2422350783852396,-0.2582489133364143,-0.3564698918161632,1261.4532459292077
2026,pvamu,PVAMU,1239.68,18.50753856049759,26.0,26.0,torvik,-26.0,-26.0,-0.49527469483586756,0.14614280586002423,-0.2422350783852396,-0.2582489133364143,-0.36190681901144833,1260.2495206192777
2026,bethune_cookman,Bethune-Cookman,1249.8,17.0,26.0,26.0,torvik,-26.0,-26.0,-0.4454988379240156,-0.10246138766894301,-0.2422350783852396,-0.2582489133364143,-0.364354348202497,1259.707642325117
2026,portland,Portland,1259.05,15.0,26.0,26.0,torvik,-26.0,-26.0,-0.400002130766443,-0.43227609363163627,-0.2422350783852396,-0.2582489133364143,-0.3819788590866002,1255.8056092346742
2026,stony_brook,Stony Brook,1241.37,17.0,26.0,26.0,torvik,-26.0,-26.0,-0.4869623234741065,-0.10246138766894301,-0.2422350783852396,-0.2582489133364143,-0.3933787880875606,1253.2816866995777
2026,eastern_washington,Eastern Washington,1260.32,14.0,26.0,26.0,torvik,-26.0,-26.0,-0.39375555583778177,-0.597183446612983,-0.2422350783852396,-0.2582489133364143,-0.4023423595837393,1251.2971690686124
2026,fiu,FIU,1249.34,15.0,26.0,26.0,torvik,-26.0,-26.0,-0.4477613768745546,-0.43227609363163627,-0.2422350783852396,-0.2582489133364143,-0.4154103313622783,1248.403945044403
2026,utah,Utah,1281.91,10.0,26.0,26.0,torvik,-26.0,-26.0,-0.2875637820505385,-1.2568128585383695,-0.2422350783852396,-0.2582489133364143,-0.42695252972147707,1245.8485243447756
2026,central_connecticut,Central Connecticut,1224.14,18.0,26.0,26.0,torvik,-26.0,-26.0,-0.5717091628605895,0.062445965312403616,-0.2422350783852396,-0.2582489133364143,-0.42796547271089674,1245.624260699138
2026,unc_asheville,UNC Asheville,1245.06,15.0,26.0,26.0,torvik,-26.0,-26.0,-0.4688128262404367,-0.43227609363163627,-0.2422350783852396,-0.2582489133364143,-0.4301463459183958,1245.1414195310806
2026,loyola_marymount,Loyola-Marymount,1243.8,15.0,26.0,26.0,torvik,-26.0,-26.0,-0.47501021553973843,-0.43227609363163627,-0.2422350783852396,-0.2582489133364143,-0.434484518427907,1244.1809564126725
2026,ohio,Ohio,1242.53,15.0,26.0,26.0,torvik,-26.0,-26.0,-0.4812567904683997,-0.43227609363163627,-0.2422350783852396,-0.2582489133364143,-0.43885712087796985,1243.2128705711025
2026,southern,Southern,1221.56,17.0,26.0,26.0,torvik,-26.0,-26.0,-0.584399055235351,-0.10246138766894301,-0.2422350783852396,-0.2582489133364143,-0.46158450032043175,1238.1810721157183
2026,rice,Rice,1246.0,13.0,26.0,26.0,torvik,-26.0,-26.0,-0.46418937708063984,-0.7620907995943296,-0.2422350783852396,-0.2582489133364143,-0.476382137400942,1234.9049034930422
2026,colgate,Colgate,1209.35,18.0,26.0,26.0,torvik,-26.0,-26.0,-0.6444547086833471,0.062445965312403616,-0.2422350783852396,-0.2582489133364143,-0.47888735478682704,1234.3502531425866
2026,columbia,Columbia,1223.51,16.0,26.0,26.0,torvik,-26.0,-26.0,-0.5748078575102409,-0.26736874065028965,-0.2422350783852396,-0.2582489133364143,-0.4796067648600567,1234.1909771246706
2026,east_carolina,East Carolina,1256.25,11.0,26.0,26.0,torvik,-26.0,-26.0,-0.4137741069871134,-1.0919055055570228,-0.2422350783852396,-0.2582489133364143,-0.4905636542298774,1231.7651427187964
2026,georgia_tech,Georgia Tech,1255.94,11.0,26.0,26.0,torvik,-26.0,-26.0,-0.4152988614972588,-1.0919055055570228,-0.2422350783852396,-0.2582489133364143,-0.49163098238697917,1231.5288383007753
2026,sacred_heart,Sacred Heart,1232.86,14.0,26.0,26.0,torvik,-26.0,-26.0,-0.5288192940590732,-0.597183446612983,-0.2422350783852396,-0.2582489133364143,-0.4968869763386433,1230.3651712658475
2026,new_orleans,New Orleans,1224.16,15.0,26.0,26.0,torvik,-26.0,-26.0,-0.5716107916018704,-0.43227609363163627,-0.2422350783852396,-0.2582489133364143,-0.5021049216713994,1229.2099281225667
2026,loyola_chicago,Loyola-Chicago,1265.63,9.0,26.0,26.0,torvik,-26.0,-26.0,-0.36763798664786623,-1.421720211519716,-0.2422350783852396,-0.2582489133364143,-0.5077405758868084,1227.9622050294593
2026,richmond,Richmond,1218.49,15.0,26.0,26.0,torvik,-26.0,-26.0,-0.5994990434487288,-0.43227609363163627,-0.2422350783852396,-0.2582489133364143,-0.5216266979642004,1224.8878440897306
2026,buffalo,Buffalo,1202.82,17.0,26.0,26.0,torvik,-26.0,-26.0,-0.6765729246551253,-0.10246138766894301,-0.2422350783852396,-0.2582489133364143,-0.5261062089142738,1223.8960889101895
2026,radford,Radford,1208.98,16.0,26.0,26.0,torvik,-26.0,-26.0,-0.6462745769696494,-0.26736874065028965,-0.2422350783852396,-0.2582489133364143,-0.5296334684816427,1223.1151603703304
2026,south_dakota,South Dakota,1202.77,16.0,26.0,26.0,torvik,-26.0,-26.0,-0.6768188528019228,-0.26736874065028965,-0.2422350783852396,-0.2582489133364143,-0.5510144615642341,1218.381449286748
2026,florida_a_and_m,Florida A&M,1206.72,15.0,26.0,26.0,torvik,-26.0,-26.0,-0.657390529204905,-0.43227609363163627,-0.2422350783852396,-0.2582489133364143,-0.5621507379935237,1215.9158989280938
2026,longwood,Longwood,1189.67,16.0,26.0,26.0,torvik,-26.0,-26.0,-0.7412520272629171,-0.26736874065028965,-0.2422350783852396,-0.2582489133364143,-0.5961176836869301,1208.3956819445696
2026,denver,Denver,1196.25,15.0,26.0,26.0,torvik,-26.0,-26.0,-0.7088878831443414,-0.43227609363163627,-0.2422350783852396,-0.2582489133364143,-0.5981988857511291,1207.934907777513
2026,lindenwood,Lindenwood,1170.85,18.0,26.0,26.0,torvik,-26.0,-26.0,-0.8338193817175684,0.062445965312403616,-0.2422350783852396,-0.2582489133364143,-0.611442625910782,1205.0027689690085
2026,utep,UTEP,1213.69,11.0,26.0,26.0,torvik,-26.0,-26.0,-0.6231081455413069,-1.0919055055570228,-0.2422350783852396,-0.2582489133364143,-0.637097481217813,1199.322832941459
2026,alabama_a_and_m,Alabama A&M,1158.33,18.0,26.0,26.0,torvik,-26.0,-26.0,-0.8953997896757099,0.062445965312403616,-0.2422350783852396,-0.2582489133364143,-0.654548911481481,1195.4591195702242
2026,mercyhurst,Mercyhurst,1165.39,17.0,26.0,26.0,torvik,-26.0,-26.0,-0.8606747353478752,-0.10246138766894301,-0.2422350783852396,-0.2582489133364143,-0.6549774763991988,1195.364236114942
2026,milwaukee,Milwaukee,1197.4,12.0,26.0,26.0,torvik,-26.0,-26.0,-0.7032315357679941,-0.9269981525756762,-0.2422350783852396,-0.2582489133364143,-0.668447751429292,1192.3819429182442
2026,umass_lowell,UMass-Lowell,1175.02,15.0,26.0,26.0,torvik,-26.0,-26.0,-0.8133089742746407,-0.43227609363163627,-0.2422350783852396,-0.2582489133364143,-0.6712936495423385,1191.7518665046541
2026,abilene_christian,Abilene Christian,1180.9,14.0,26.0,26.0,torvik,-26.0,-26.0,-0.7843878242112318,-0.597183446612983,-0.2422350783852396,-0.2582489133364143,-0.6757849474451544,1190.7575017162599
2026,old_dominion,Old Dominion,1194.13,12.0,26.0,26.0,torvik,-26.0,-26.0,-0.7193152365685629,-0.9269981525756762,-0.2422350783852396,-0.2582489133364143,-0.6797063419896902,1189.8893124442807
2026,louisiana,Louisiana,1199.96,11.0,26.0,26.0,torvik,-26.0,-26.0,-0.6906400146519527,-1.0919055055570228,-0.2422350783852396,-0.2582489133364143,-0.684369789595265,1188.8568340400764
2026,chattanooga,Chattanooga,1185.36,13.0,26.0,26.0,torvik,-26.0,-26.0,-0.7624510335168788,-0.7620907995943296,-0.2422350783852396,-0.2582489133364143,-0.6851652969063093,1188.680710238866
2026,delaware,Delaware,1197.97,11.0,26.0,26.0,torvik,-26.0,-26.0,-0.7004279548945007,-1.0919055055570228,-0.2422350783852396,-0.2582489133364143,-0.6912213477650486,1187.3399121308448
2026,hampton,Hampton,1183.59,13.0,26.0,26.0,torvik,-26.0,-26.0,-0.7711568899135169,-0.7620907995943296,-0.2422350783852396,-0.2582489133364143,-0.691259396383956,1187.3314882391976
2026,charleston_southern,Charleston Southern,1167.16,15.0,26.0,26.0,torvik,-26.0,-26.0,-0.8519688789512371,-0.43227609363163627,-0.2422350783852396,-0.2582489133364143,-0.698355582815956,1185.7604060993472
2026,elon,Elon,1174.15,14.0,26.0,26.0,torvik,-26.0,-26.0,-0.8175881240289199,-0.597183446612983,-0.2422350783852396,-0.2582489133364143,-0.699025157317536,1185.6121635819313
2026,njit,NJIT,1155.93,16.0,26.0,26.0,torvik,-26.0,-26.0,-0.9072043407219983,-0.26736874065028965,-0.2422350783852396,-0.2582489133364143,-0.7122843031082869,1182.6766139960882
2026,american,American,1154.46,16.0,26.0,26.0,torvik,-26.0,-26.0,-0.9144346282378505,-0.26736874065028965,-0.2422350783852396,-0.2582489133364143,-0.7173455043693835,1181.556073691279
2026,la_salle,La Salle,1202.87,9.0,26.0,26.0,torvik,-26.0,-26.0,-0.6763269965083278,-1.421720211519716,-0.2422350783852396,-0.2582489133364143,-0.7238228827891315,1180.1219944649458
2026,west_georgia,West Georgia,1152.54,15.0,26.0,26.0,torvik,-26.0,-26.0,-0.9238782690748821,-0.43227609363163627,-0.2422350783852396,-0.2582489133364143,-0.7486921559025076,1174.6159848365494
2026,princeton,Princeton,1192.27,9.0,26.0,26.0,torvik,-26.0,-26.0,-0.7284637636294377,-1.421720211519716,-0.2422350783852396,-0.2582489133364143,-0.7603186197739085,1172.0419079132594
2026,dartmouth,Dartmouth,1174.8,11.0,26.0,26.0,torvik,-26.0,-26.0,-0.8143910581205507,-1.0919055055570228,-0.2422350783852396,-0.2582489133364143,-0.7709955200232835,1169.678062564564
2026,wagner,Wagner,1152.19,14.0,26.0,26.0,torvik,-26.0,-26.0,-0.9255997661024655,-0.597183446612983,-0.2422350783852396,-0.2582489133364143,-0.774633306769018,1168.8726635182488
2026,bellarmine,Bellarmine,1158.73,13.0,26.0,26.0,torvik,-26.0,-26.0,-0.8934323645013279,-0.7620907995943296,-0.2422350783852396,-0.2582489133364143,-0.7768522285954237,1168.3813984585443
2026,san_diego,San Diego,1165.78,12.0,26.0,26.0,torvik,-26.0,-26.0,-0.8587564958028538,-0.9269981525756762,-0.2422350783852396,-0.2582489133364143,-0.7773152234536937,1168.2788922801003
2026,uc_riverside,UC Riverside,1160.36,10.0,26.0,26.0,torvik,-26.0,-26.0,-0.8854151069157238,-1.2568128585383695,-0.2422350783852396,-0.2582489133364143,-0.8454484571271068,1153.19432431105
2026,tennessee_tech,Tennessee Tech,1131.67,13.0,26.0,26.0,torvik,-26.0,-26.0,-1.0265286775482374,-0.7620907995943296,-0.2422350783852396,-0.2582489133364143,-0.8700196477282603,1147.754309582258
2026,texas_southern,Texas Southern,1136.61,12.0,26.0,26.0,torvik,-26.0,-26.0,-1.0022309766446265,-0.9269981525756762,-0.2422350783852396,-0.2582489133364143,-0.8777473600429346,1146.0434088166385
2026,brown,Brown,1152.2,9.0,26.0,26.0,torvik,-26.0,-26.0,-0.9255505804731061,-1.421720211519716,-0.2422350783852396,-0.2582489133364143,-0.8982793915644763,1141.4976562032523
2026,pepperdine,Pepperdine,1149.77,9.0,26.0,26.0,torvik,-26.0,-26.0,-0.9375026884074741,-1.421720211519716,-0.2422350783852396,-0.2582489133364143,-0.906645867118534,1139.6453344748938
2026,central_michigan,Central Michigan,1142.5,10.0,26.0,26.0,torvik,-26.0,-26.0,-0.9732606409518582,-1.2568128585383695,-0.2422350783852396,-0.2582489133364143,-0.9069403309524009,1139.5801407437746
2026,houston_christian,Houston Christian,1121.83,12.0,26.0,26.0,torvik,-26.0,-26.0,-1.0749273368380237,-0.9269981525756762,-0.2422350783852396,-0.2582489133364143,-0.9286348121783127,1134.7770239832494
2026,manhattan,Manhattan,1120.71,12.0,26.0,26.0,torvik,-26.0,-26.0,-1.0804361273262912,-0.9269981525756762,-0.2422350783852396,-0.2582489133364143,-0.9324909655200999,1133.923278989109
2026,western_michigan,Western Michigan,1125.14,11.0,26.0,26.0,torvik,-26.0,-26.0,-1.0586468935200157,-1.0919055055570228,-0.2422350783852396,-0.2582489133364143,-0.9419746048029091,1131.8236193422292
2026,stetson,Stetson,1117.75,12.0,26.0,26.0,torvik,-26.0,-26.0,-1.0949950736167147,-0.9269981525756762,-0.2422350783852396,-0.2582489133364143,-0.9426822279233964,1131.6669529331664
2026,eastern_illinois,Eastern Illinois,1109.88,13.0,26.0,26.0,torvik,-26.0,-26.0,-1.1337041639226706,-0.7620907995943296,-0.2422350783852396,-0.2582489133364143,-0.9450424881903635,1131.144395812329
2026,southern_utah,Southern Utah,1129.83,10.0,26.0,26.0,torvik,-26.0,-26.0,-1.0355788333503932,-1.2568128585383695,-0.2422350783852396,-0.2582489133364143,-0.9505630656313754,1129.9221504975606
2026,jacksonville,Jacksonville,1114.88,12.0,26.0,26.0,torvik,-26.0,-26.0,-1.1091113492429017,-0.9269981525756762,-0.2422350783852396,-0.2582489133364143,-0.9525636208617273,1129.4792313856815
2026,north_carolina_central,North Carolina Central,1099.26,14.0,26.0,26.0,torvik,-26.0,-26.0,-1.1859393023025004,-0.597183446612983,-0.2422350783852396,-0.2582489133364143,-0.9568709821090423,1128.5255898219502
2026,the_citadel,The Citadel,1120.56,11.0,26.0,26.0,torvik,-26.0,-26.0,-1.0811739117666848,-1.0919055055570228,-0.2422350783852396,-0.2582489133364143,-0.9577435175755774,1128.3324121340477
2026,eastern_kentucky,Eastern Kentucky,1118.12,11.0,26.0,26.0,torvik,-26.0,-26.0,-1.0931752053304122,-1.0919055055570228,-0.2422350783852396,-0.2582489133364143,-0.9661444230701867,1126.4724676825274
2026,evansville,Evansville,1146.79,7.0,26.0,26.0,torvik,-26.0,-26.0,-0.9521600059566165,-1.7515349174824093,-0.2422350783852396,-0.2582489133364143,-0.9663781952973376,1126.420710957364
2026,new_haven,New Haven,1096.22,14.0,26.0,26.0,torvik,-26.0,-26.0,-1.2008917336277998,-0.597183446612983,-0.2422350783852396,-0.2582489133364143,-0.9673376840367519,1126.208281980712
2026,le_moyne,Le Moyne,1086.47,15.0,26.0,26.0,torvik,-26.0,-26.0,-1.2488477222533494,-0.43227609363163627,-0.2422350783852396,-0.2582489133364143,-0.9761707731274346,1124.2526529054244
2026,little_rock,Little Rock,1105.67,12.0,26.0,26.0,torvik,-26.0,-26.0,-1.1544113138830363,-0.9269981525756762,-0.2422350783852396,-0.2582489133364143,-0.9842735961098215,1122.4587033535086
2026,incarnate_word,Incarnate Word,1104.13,12.0,26.0,26.0,torvik,-26.0,-26.0,-1.161985900804405,-0.9269981525756762,-0.2422350783852396,-0.2582489133364143,-0.9895758069547795,1121.2848039865655
2026,north_carolina_a_and_t,North Carolina A&T,1104.35,11.0,26.0,26.0,torvik,-26.0,-26.0,-1.160903816958496,-1.0919055055570228,-0.2422350783852396,-0.2582489133364143,-1.0135544512098453,1115.975977888497
2026,lafayette,Lafayette,1100.7,11.0,26.0,26.0,torvik,-26.0,-26.0,-1.1788565716747268,-1.0919055055570228,-0.2422350783852396,-0.2582489133364143,-1.026121379511207,1113.1936839343784
2026,arkansas_pine_bluff,Arkansas-Pine Bluff,1079.42,13.0,26.0,26.0,torvik,-26.0,-26.0,-1.2835235909518234,-0.7620907995943296,-0.2422350783852396,-0.2582489133364143,-1.0499160871107707,1107.9255810609734
2026,eastern_michigan,Eastern Michigan,1093.56,10.0,26.0,26.0,torvik,-26.0,-26.0,-1.2139751110374375,-1.2568128585383695,-0.2422350783852396,-0.2582489133364143,-1.0754404600123064,1102.2745335891013
2026,lamar,Lamar,1074.78,12.0,26.0,26.0,torvik,-26.0,-26.0,-1.3063457229746496,-0.9269981525756762,-0.2422350783852396,-0.2582489133364143,-1.090627682473951,1098.9121115061882
2026,southeastern_louisiana,Southeastern Louisiana,1090.73,9.0,26.0,26.0,torvik,-26.0,-26.0,-1.2278946441461862,-1.421720211519716,-0.2422350783852396,-0.2582489133364143,-1.1099202361356324,1094.6407769266327
2026,albany,Albany,1075.57,11.0,26.0,26.0,torvik,-26.0,-26.0,-1.3024600582552464,-1.0919055055570228,-0.2422350783852396,-0.2582489133364143,-1.1126438201175706,1094.037780628352
2026,bucknell,Bucknell,1076.15,10.0,26.0,26.0,torvik,-26.0,-26.0,-1.2996072917523924,-1.2568128585383695,-0.2422350783852396,-0.2582489133364143,-1.135382986512775,1089.0033725641147
2026,oral_roberts,Oral Roberts,1072.88,10.0,26.0,26.0,torvik,-26.0,-26.0,-1.3156909925529612,-1.2568128585383695,-0.2422350783852396,-0.2582489133364143,-1.146641577073173,1086.5107420901509
2026,stonehill,Stonehill,1057.54,12.0,26.0,26.0,torvik,-26.0,-26.0,-1.391141747990493,-0.9269981525756762,-0.2422350783852396,-0.2582489133364143,-1.1499848999850413,1085.7705367749547
2026,north_alabama,North Alabama,1077.45,9.0,26.0,26.0,torvik,-26.0,-26.0,-1.2932131599356527,-1.421720211519716,-0.2422350783852396,-0.2582489133364143,-1.155643197188259,1084.5178005675386
2026,northern_illinois,Northern Illinois,1073.11,9.0,26.0,26.0,torvik,-26.0,-26.0,-1.3145597230776929,-1.421720211519716,-0.2422350783852396,-0.2582489133364143,-1.1705857913876871,1081.2095387152444
2026,canisius,Canisius,1061.74,10.0,26.0,26.0,torvik,-26.0,-26.0,-1.370483783659487,-1.2568128585383695,-0.2422350783852396,-0.2582489133364143,-1.184996530847741,1078.019028487718
2026,east_texas_a_and_m,East Texas A&M,1050.0,11.0,26.0,26.0,torvik,-26.0,-26.0,-1.4282277125275846,-1.0919055055570228,-0.2422350783852396,-0.2582489133364143,-1.2006811781082074,1074.546477503199
2026,northeastern,Northeastern,1077.19,7.0,26.0,26.0,torvik,-26.0,-26.0,-1.2944919862990005,-1.7515349174824093,-0.2422350783852396,-0.2582489133364143,-1.2060105815370064,1073.3665577500642
2026,northern_arizona,Northern Arizona,1042.34,10.0,26.0,26.0,torvik,-26.0,-26.0,-1.465903904616991,-1.2568128585383695,-0.2422350783852396,-0.2582489133364143,-1.2517906155179939,1063.2309455534994
2026,niagara,Niagara,1055.59,8.0,26.0,26.0,torvik,-26.0,-26.0,-1.4007329457156033,-1.5866275645010628,-0.2422350783852396,-0.2582489133364143,-1.2556431501814265,1062.378001727844
2026,bryant,Bryant,1046.42,9.0,26.0,26.0,torvik,-26.0,-26.0,-1.445836167838299,-1.421720211519716,-0.2422350783852396,-0.2582489133364143,-1.2624793027201113,1060.8644905959509
2026,holy_cross,Holy Cross,1031.05,11.0,26.0,26.0,torvik,-26.0,-26.0,-1.5214344801639095,-1.0919055055570228,-0.2422350783852396,-0.2582489133364143,-1.2659259154536349,1060.1014171112688
2026,fairleigh_dickinson,Fairleigh Dickinson,1027.82,11.0,26.0,26.0,torvik,-26.0,-26.0,-1.5373214384470402,-1.0919055055570228,-0.2422350783852396,-0.2582489133364143,-1.2770467862518262,1057.6392775299532
2026,maine,Maine,1037.76,8.0,26.0,26.0,torvik,-26.0,-26.0,-1.4884309228636592,-1.5866275645010628,-0.2422350783852396,-0.2582489133364143,-1.3170317341850655,1048.7866863300546
2026,army,Army,1015.36,11.0,26.0,26.0,torvik,-26.0,-26.0,-1.5986067326290243,-1.0919055055570228,-0.2422350783852396,-0.2582489133364143,-1.3199464921792152,1048.1413644701406
2026,utsa,UTSA,1047.68,5.0,26.0,26.0,torvik,-26.0,-26.0,-1.4396387785389972,-2.0813496234451025,-0.2422350783852396,-0.2582489133364143,-1.3570855419994083,1039.9188496838321
2026,new_hampshire,New Hampshire,1007.64,9.0,26.0,26.0,torvik,-26.0,-26.0,-1.6365780384945876,-1.421720211519716,-0.2422350783852396,-0.2582489133364143,-1.3959986121795134,1031.3035701738377
2026,binghamton,Binghamton,1010.69,8.0,26.0,26.0,torvik,-26.0,-26.0,-1.6215764215399282,-1.5866275645010628,-0.2422350783852396,-0.2582489133364143,-1.410233583258454,1028.1519747306063
2026,north_florida,North Florida,1014.96,7.0,26.0,26.0,torvik,-26.0,-26.0,-1.6005741578034056,-1.7515349174824093,-0.2422350783852396,-0.2582489133364143,-1.42026810159009,1025.930351513135
2026,rider,Rider,1014.65,4.0,26.0,26.0,torvik,-26.0,-26.0,-1.6020989123135516,-2.2462569764264493,-0.2422350783852396,-0.2582489133364143,-1.4955437385887982,1009.2644690722188
2026,southern_indiana,Southern Indiana,986.15,7.0,26.0,26.0,torvik,-26.0,-26.0,-1.7422779559882349,-1.7515349174824093,-0.2422350783852396,-0.2582489133364143,-1.5194607603194703,1003.9692860835042
2026,air_force,Air Force,987.19,3.0,26.0,26.0,torvik,-26.0,-26.0,-1.7371626505348425,-2.411164329407796,-0.2422350783852396,-0.2582489133364143,-1.614824458290904,982.8559452618222
2026,maryland_eastern_shore,Maryland Eastern Shore,942.88,9.0,26.0,26.0,torvik,-26.0,-26.0,-1.9551041742269557,-1.421720211519716,-0.2422350783852396,-0.2582489133364143,-1.618966907192171,981.9388149769306
2026,gardner_webb,Gardner-Webb,960.65,5.0,26.0,26.0,torvik,-26.0,-26.0,-1.8677013108550569,-2.0813496234451025,-0.2422350783852396,-0.2582489133364143,-1.6567293146206499,973.5782900052216
2026,vmi,VMI,936.75,6.0,26.0,26.0,torvik,-26.0,-26.0,-1.9852549650243525,-1.916442270463756,-0.2422350783852396,-0.2582489133364143,-1.7142807695919549,960.8365076557488
2026,western_illinois,Western Illinois,893.17,5.0,26.0,26.0,torvik,-26.0,-26.0,-2.199605937773219,-2.0813496234451025,-0.2422350783852396,-0.2582489133364143,-1.8890625534633636,922.140154108259
2026,umkc,UMKC,882.62,4.0,26.0,26.0,torvik,-26.0,-26.0,-2.2514967767475316,-2.2462569764264493,-0.2422350783852396,-0.2582489133364143,-1.9501222436925842,908.6216551647508
